Year,Age,Sex,Population
1950,00,Male,31.4
1950,00,Female,29.7
1950,01-04,Male,127.5
1950,01-04,Female,121.6
1950,05-09,Male,142.3
1950,05-09,Female,136.6
1950,10-14,Male,133.4
1950,10-14,Female,128.7
1950,15-19,Male,126.6
1950,15-19,Female,117.4
1950,20-24,Male,108.3
1950,20-24,Female,100.3
1950,25-29,Male,100.9
1950,25-29,Female,100.2
1950,30-34,Male,98.3
1950,30-34,Female,96.5
1950,35-39,Male,101.8
1950,35-39,Female,98.0
1950,40-44,Male,92.4
1950,40-44,Female,85.5
1950,45-49,Male,83.6
1950,45-49,Female,80.2
1950,50-54,Male,80.6
1950,50-54,Female,77.8
1950,55-59,Male,65.8
1950,55-59,Female,64.6
1950,60-64,Male,61.3
1950,60-64,Female,60.6
1950,65-69,Male,55.2
1950,65-69,Female,54.1
1950,70-74,Male,49.5
1950,70-74,Female,50.9
1950,75-79,Male,31.4
1950,75-79,Female,32.6
1950,80-84,Male,14.2
1950,80-84,Female,15.9
1950,85+,Male,5.5
1950,85+,Female,7.8
1951,00,Male,32.6
1951,00,Female,30.9
1951,01-04,Male,127.6
1951,01-04,Female,121.7
1951,05-09,Male,143.5
1951,05-09,Female,137.6
1951,10-14,Male,132.7
1951,10-14,Female,128.2
1951,15-19,Male,125.7
1951,15-19,Female,115.4
1951,20-24,Male,105.4
1951,20-24,Female,96.8
1951,25-29,Male,99.6
1951,25-29,Female,98.8
1951,30-34,Male,96.4
1951,30-34,Female,95.1
1951,35-39,Male,102.3
1951,35-39,Female,98.6
1951,40-44,Male,94.0
1951,40-44,Female,86.3
1951,45-49,Male,82.4
1951,45-49,Female,78.5
1951,50-54,Male,82.9
1951,50-54,Female,80.1
1951,55-59,Male,65.0
1951,55-59,Female,63.8
1951,60-64,Male,61.3
1951,60-64,Female,60.7
1951,65-69,Male,54.1
1951,65-69,Female,53.4
1951,70-74,Male,49.1
1951,70-74,Female,51.0
1951,75-79,Male,31.6
1951,75-79,Female,32.9
1951,80-84,Male,14.6
1951,80-84,Female,16.2
1951,85+,Male,5.5
1951,85+,Female,7.8
1952,00,Male,31.5
1952,00,Female,30.4
1952,01-04,Male,127.2
1952,01-04,Female,121.2
1952,05-09,Male,145.5
1952,05-09,Female,139.2
1952,10-14,Male,134.6
1952,10-14,Female,130.0
1952,15-19,Male,125.0
1952,15-19,Female,114.7
1952,20-24,Male,102.8
1952,20-24,Female,95.0
1952,25-29,Male,96.6
1952,25-29,Female,96.3
1952,30-34,Male,94.6
1952,30-34,Female,94.0
1952,35-39,Male,99.8
1952,35-39,Female,97.5
1952,40-44,Male,94.2
1952,40-44,Female,87.3
1952,45-49,Male,83.9
1952,45-49,Female,79.7
1952,50-54,Male,81.6
1952,50-54,Female,78.4
1952,55-59,Male,67.6
1952,55-59,Female,66.2
1952,60-64,Male,60.7
1952,60-64,Female,60.5
1952,65-69,Male,54.4
1952,65-69,Female,53.5
1952,70-74,Male,48.4
1952,70-74,Female,50.4
1952,75-79,Male,31.8
1952,75-79,Female,33.1
1952,80-84,Male,14.8
1952,80-84,Female,16.5
1952,85+,Male,5.9
1952,85+,Female,8.1
1953,00,Male,30.8
1953,00,Female,29.3
1953,01-04,Male,126.7
1953,01-04,Female,121.4
1953,05-09,Male,147.7
1953,05-09,Female,140.8
1953,10-14,Male,136.7
1953,10-14,Female,131.9
1953,15-19,Male,124.5
1953,15-19,Female,114.1
1953,20-24,Male,100.4
1953,20-24,Female,93.3
1953,25-29,Male,93.8
1953,25-29,Female,93.9
1953,30-34,Male,92.9
1953,30-34,Female,92.9
1953,35-39,Male,97.5
1953,35-39,Female,96.6
1953,40-44,Male,94.6
1953,40-44,Female,88.4
1953,45-49,Male,85.5
1953,45-49,Female,80.9
1953,50-54,Male,80.5
1953,50-54,Female,76.8
1953,55-59,Male,70.2
1953,55-59,Female,68.6
1953,60-64,Male,60.2
1953,60-64,Female,60.3
1953,65-69,Male,54.9
1953,65-69,Female,53.7
1953,70-74,Male,47.8
1953,70-74,Female,49.9
1953,75-79,Male,32.1
1953,75-79,Female,33.3
1953,80-84,Male,14.9
1953,80-84,Female,16.7
1953,85+,Male,6.2
1953,85+,Female,8.3
1954,00,Male,30.6
1954,00,Female,29.5
1954,01-04,Male,125.6
1954,01-04,Female,120.2
1954,05-09,Male,149.7
1954,05-09,Female,142.3
1954,10-14,Male,138.5
1954,10-14,Female,133.6
1954,15-19,Male,123.8
1954,15-19,Female,113.3
1954,20-24,Male,97.9
1954,20-24,Female,91.5
1954,25-29,Male,90.9
1954,25-29,Female,91.3
1954,30-34,Male,91.1
1954,30-34,Female,91.7
1954,35-39,Male,95.1
1954,35-39,Female,95.5
1954,40-44,Male,94.8
1954,40-44,Female,89.3
1954,45-49,Male,87.0
1954,45-49,Female,82.0
1954,50-54,Male,79.3
1954,50-54,Female,75.1
1954,55-59,Male,72.7
1954,55-59,Female,70.9
1954,60-64,Male,59.7
1954,60-64,Female,60.0
1954,65-69,Male,55.2
1954,65-69,Female,53.8
1954,70-74,Male,47.1
1954,70-74,Female,49.2
1954,75-79,Male,32.3
1954,75-79,Female,33.5
1954,80-84,Male,15.1
1954,80-84,Female,17.0
1954,85+,Male,6.6
1954,85+,Female,8.5
1955,00,Male,30.1
1955,00,Female,29.2
1955,01-04,Male,123.7
1955,01-04,Female,119.1
1955,05-09,Male,150.8
1955,05-09,Female,143.5
1955,10-14,Male,139.6
1955,10-14,Female,135.0
1955,15-19,Male,122.4
1955,15-19,Female,112.3
1955,20-24,Male,94.8
1955,20-24,Female,89.5
1955,25-29,Male,87.5
1955,25-29,Female,88.6
1955,30-34,Male,88.7
1955,30-34,Female,90.3
1955,35-39,Male,92.1
1955,35-39,Female,94.1
1955,40-44,Male,94.5
1955,40-44,Female,90.0
1955,45-49,Male,87.9
1955,45-49,Female,82.4
1955,50-54,Male,77.6
1955,50-54,Female,73.3
1955,55-59,Male,74.8
1955,55-59,Female,73.0
1955,60-64,Male,58.8
1955,60-64,Female,59.6
1955,65-69,Male,55.2
1955,65-69,Female,53.8
1955,70-74,Male,46.2
1955,70-74,Female,48.5
1955,75-79,Male,32.3
1955,75-79,Female,33.6
1955,80-84,Male,15.2
1955,80-84,Female,17.2
1955,85+,Male,6.9
1955,85+,Female,8.8
1956,00,Male,30.2
1956,00,Female,28.7
1956,01-04,Male,121.1
1956,01-04,Female,118.1
1956,05-09,Male,151.6
1956,05-09,Female,144.5
1956,10-14,Male,140.3
1956,10-14,Female,136.3
1956,15-19,Male,120.8
1956,15-19,Female,111.3
1956,20-24,Male,91.6
1956,20-24,Female,87.5
1956,25-29,Male,84.0
1956,25-29,Female,85.8
1956,30-34,Male,86.3
1956,30-34,Female,88.9
1956,35-39,Male,89.1
1956,35-39,Female,92.8
1956,40-44,Male,94.0
1956,40-44,Female,90.7
1956,45-49,Male,88.7
1956,45-49,Female,83.7
1956,50-54,Male,75.8
1956,50-54,Female,71.4
1956,55-59,Male,76.7
1956,55-59,Female,75.1
1956,60-64,Male,57.8
1956,60-64,Female,59.1
1956,65-69,Male,55.2
1956,65-69,Female,53.7
1956,70-74,Male,45.2
1956,70-74,Female,47.8
1956,75-79,Male,32.3
1956,75-79,Female,33.6
1956,80-84,Male,15.2
1956,80-84,Female,17.4
1956,85+,Male,7.2
1956,85+,Female,9.0
1957,00,Male,30.3
1957,00,Female,29.2
1957,01-04,Male,121.7
1957,01-04,Female,117.8
1957,05-09,Male,150.9
1957,05-09,Female,143.8
1957,10-14,Male,142.2
1957,10-14,Female,137.2
1957,15-19,Male,120.9
1957,15-19,Female,111.8
1957,20-24,Male,89.5
1957,20-24,Female,85.5
1957,25-29,Male,81.7
1957,25-29,Female,83.2
1957,30-34,Male,84.2
1957,30-34,Female,86.6
1957,35-39,Male,87.7
1957,35-39,Female,91.3
1957,40-44,Male,92.3
1957,40-44,Female,89.7
1957,45-49,Male,88.9
1957,45-49,Female,84.1
1957,50-54,Male,77.1
1957,50-54,Female,72.3
1957,55-59,Male,75.2
1957,55-59,Female,73.6
1957,60-64,Male,59.3
1957,60-64,Female,60.7
1957,65-69,Male,54.5
1957,65-69,Female,53.4
1957,70-74,Male,45.1
1957,70-74,Female,48.0
1957,75-79,Male,31.8
1957,75-79,Female,33.6
1957,80-84,Male,15.5
1957,80-84,Female,18.0
1957,85+,Male,7.3
1957,85+,Female,9.4
1958,00,Male,29.4
1958,00,Female,28.3
1958,01-04,Male,122.2
1958,01-04,Female,117.9
1958,05-09,Male,149.2
1958,05-09,Female,142.2
1958,10-14,Male,143.1
1958,10-14,Female,137.2
1958,15-19,Male,120.2
1958,15-19,Female,111.6
1958,20-24,Male,86.7
1958,20-24,Female,83.0
1958,25-29,Male,78.9
1958,25-29,Female,80.2
1958,30-34,Male,81.5
1958,30-34,Female,83.8
1958,35-39,Male,85.8
1958,35-39,Female,89.2
1958,40-44,Male,89.9
1958,40-44,Female,88.1
1958,45-49,Male,88.5
1958,45-49,Female,84.0
1958,50-54,Male,77.9
1958,50-54,Female,72.6
1958,55-59,Male,73.1
1958,55-59,Female,71.6
1958,60-64,Male,60.3
1958,60-64,Female,61.8
1958,65-69,Male,53.3
1958,65-69,Female,52.8
1958,70-74,Male,44.6
1958,70-74,Female,47.9
1958,75-79,Male,31.1
1958,75-79,Female,33.4
1958,80-84,Male,15.8
1958,80-84,Female,18.5
1958,85+,Male,7.4
1958,85+,Female,9.7
1959,00,Male,29.7
1959,00,Female,28.9
1959,01-04,Male,122.9
1959,01-04,Female,117.8
1959,05-09,Male,148.8
1959,05-09,Female,141.8
1959,10-14,Male,145.2
1959,10-14,Female,138.4
1959,15-19,Male,120.5
1959,15-19,Female,112.3
1959,20-24,Male,84.5
1959,20-24,Female,81.3
1959,25-29,Male,76.9
1959,25-29,Female,77.9
1959,30-34,Male,79.6
1959,30-34,Female,81.8
1959,35-39,Male,84.6
1959,35-39,Female,87.9
1959,40-44,Male,88.4
1959,40-44,Female,87.3
1959,45-49,Male,88.9
1959,45-49,Female,84.6
1959,50-54,Male,79.4
1959,50-54,Female,73.6
1959,55-59,Male,71.8
1959,55-59,Female,70.3
1959,60-64,Male,61.8
1959,60-64,Female,63.5
1959,65-69,Male,52.7
1959,65-69,Female,52.7
1959,70-74,Male,44.6
1959,70-74,Female,48.2
1959,75-79,Male,30.7
1959,75-79,Female,33.5
1959,80-84,Male,16.1
1959,80-84,Female,19.1
1959,85+,Male,7.5
1959,85+,Female,10.1
1960,00,Male,30.3
1960,00,Female,29.0
1960,01-04,Male,122.9
1960,01-04,Female,117.9
1960,05-09,Male,148.1
1960,05-09,Female,141.1
1960,10-14,Male,146.9
1960,10-14,Female,139.3
1960,15-19,Male,120.5
1960,15-19,Female,112.8
1960,20-24,Male,82.7
1960,20-24,Female,79.4
1960,25-29,Male,74.6
1960,25-29,Female,75.4
1960,30-34,Male,77.4
1960,30-34,Female,79.6
1960,35-39,Male,83.2
1960,35-39,Female,86.5
1960,40-44,Male,86.7
1960,40-44,Female,86.3
1960,45-49,Male,89.0
1960,45-49,Female,85.0
1960,50-54,Male,80.6
1960,50-54,Female,74.5
1960,55-59,Male,70.3
1960,55-59,Female,68.8
1960,60-64,Male,63.2
1960,60-64,Female,65.0
1960,65-69,Male,52.0
1960,65-69,Female,52.4
1960,70-74,Male,44.4
1960,70-74,Female,48.4
1960,75-79,Male,30.3
1960,75-79,Female,33.5
1960,80-84,Male,16.4
1960,80-84,Female,19.7
1960,85+,Male,7.6
1960,85+,Female,10.4
1961,00,Male,32.1
1961,00,Female,30.6
1961,01-04,Male,121.3
1961,01-04,Female,116.7
1961,05-09,Male,147.0
1961,05-09,Female,140.7
1961,10-14,Male,148.3
1961,10-14,Female,140.5
1961,15-19,Male,120.3
1961,15-19,Female,113.5
1961,20-24,Male,80.4
1961,20-24,Female,77.6
1961,25-29,Male,72.3
1961,25-29,Female,73.1
1961,30-34,Male,75.2
1961,30-34,Female,77.5
1961,35-39,Male,81.6
1961,35-39,Female,85.2
1961,40-44,Male,84.8
1961,40-44,Female,85.5
1961,45-49,Male,89.0
1961,45-49,Female,85.6
1961,50-54,Male,81.7
1961,50-54,Female,75.4
1961,55-59,Male,68.6
1961,55-59,Female,67.5
1961,60-64,Male,64.4
1961,60-64,Female,66.6
1961,65-69,Male,51.1
1961,65-69,Female,52.3
1961,70-74,Male,44.1
1961,70-74,Female,48.7
1961,75-79,Male,29.7
1961,75-79,Female,33.5
1961,80-84,Male,16.7
1961,80-84,Female,20.4
1961,85+,Male,7.7
1961,85+,Female,10.8
1962,00,Male,30.9
1962,00,Female,29.6
1962,01-04,Male,124.1
1962,01-04,Female,119.1
1962,05-09,Male,148.1
1962,05-09,Female,141.7
1962,10-14,Male,147.8
1962,10-14,Female,140.2
1962,15-19,Male,122.9
1962,15-19,Female,115.9
1962,20-24,Male,83.2
1962,20-24,Female,80.1
1962,25-29,Male,72.8
1962,25-29,Female,73.3
1962,30-34,Male,74.9
1962,30-34,Female,76.5
1962,35-39,Male,80.6
1962,35-39,Female,83.7
1962,40-44,Male,84.1
1962,40-44,Female,84.8
1962,45-49,Male,87.9
1962,45-49,Female,85.0
1962,50-54,Male,82.2
1962,50-54,Female,76.4
1962,55-59,Male,70.0
1962,55-59,Female,68.2
1962,60-64,Male,63.9
1962,60-64,Female,65.7
1962,65-69,Male,51.9
1962,65-69,Female,53.6
1962,70-74,Male,43.7
1962,70-74,Female,48.5
1962,75-79,Male,29.5
1962,75-79,Female,33.6
1962,80-84,Male,16.5
1962,80-84,Female,20.3
1962,85+,Male,7.8
1962,85+,Female,11.1
1963,00,Male,31.8
1963,00,Female,30.3
1963,01-04,Male,125.1
1963,01-04,Female,120.2
1963,05-09,Male,149.5
1963,05-09,Female,143.2
1963,10-14,Male,147.6
1963,10-14,Female,140.4
1963,15-19,Male,125.7
1963,15-19,Female,118.6
1963,20-24,Male,86.3
1963,20-24,Female,82.9
1963,25-29,Male,73.5
1963,25-29,Female,73.7
1963,30-34,Male,74.8
1963,30-34,Female,75.8
1963,35-39,Male,79.8
1963,35-39,Female,82.4
1963,40-44,Male,83.5
1963,40-44,Female,84.4
1963,45-49,Male,87.1
1963,45-49,Female,84.7
1963,50-54,Male,82.9
1963,50-54,Female,77.6
1963,55-59,Male,71.6
1963,55-59,Female,69.1
1963,60-64,Male,63.5
1963,60-64,Female,65.0
1963,65-69,Male,52.8
1963,65-69,Female,55.1
1963,70-74,Male,43.5
1963,70-74,Female,48.5
1963,75-79,Male,29.4
1963,75-79,Female,33.8
1963,80-84,Male,16.4
1963,80-84,Female,20.2
1963,85+,Male,7.9
1963,85+,Female,11.4
1964,00,Male,32.1
1964,00,Female,30.8
1964,01-04,Male,126.4
1964,01-04,Female,121.2
1964,05-09,Male,150.7
1964,05-09,Female,144.4
1964,10-14,Male,147.1
1964,10-14,Female,140.3
1964,15-19,Male,128.4
1964,15-19,Female,121.2
1964,20-24,Male,89.2
1964,20-24,Female,85.5
1964,25-29,Male,74.1
1964,25-29,Female,74.0
1964,30-34,Male,74.6
1964,30-34,Female,74.8
1964,35-39,Male,78.8
1964,35-39,Female,81.0
1964,40-44,Male,82.8
1964,40-44,Female,83.8
1964,45-49,Male,86.0
1964,45-49,Female,84.1
1964,50-54,Male,83.5
1964,50-54,Female,78.6
1964,55-59,Male,73.1
1964,55-59,Female,69.8
1964,60-64,Male,62.9
1964,60-64,Female,64.1
1964,65-69,Male,53.6
1964,65-69,Female,56.5
1964,70-74,Male,43.1
1964,70-74,Female,48.3
1964,75-79,Male,29.2
1964,75-79,Female,33.9
1964,80-84,Male,16.2
1964,80-84,Female,20.1
1964,85+,Male,8.0
1964,85+,Female,11.6
1965,00,Male,31.8
1965,00,Female,30.6
1965,01-04,Male,128.3
1965,01-04,Female,122.7
1965,05-09,Male,151.7
1965,05-09,Female,145.5
1965,10-14,Male,146.5
1965,10-14,Female,140.1
1965,15-19,Male,131.0
1965,15-19,Female,123.6
1965,20-24,Male,92.0
1965,20-24,Female,88.1
1965,25-29,Male,74.6
1965,25-29,Female,74.2
1965,30-34,Male,74.3
1965,30-34,Female,73.9
1965,35-39,Male,77.8
1965,35-39,Female,79.4
1965,40-44,Male,82.0
1965,40-44,Female,83.2
1965,45-49,Male,84.9
1965,45-49,Female,83.5
1965,50-54,Male,84.0
1965,50-54,Female,79.7
1965,55-59,Male,74.5
1965,55-59,Female,70.5
1965,60-64,Male,62.3
1965,60-64,Female,63.2
1965,65-69,Male,54.4
1965,65-69,Female,57.9
1965,70-74,Male,42.7
1965,70-74,Female,48.1
1965,75-79,Male,29.0
1965,75-79,Female,34.0
1965,80-84,Male,16.0
1965,80-84,Female,19.9
1965,85+,Male,8.0
1965,85+,Female,11.9
1966,00,Male,32.5
1966,00,Female,31.1
1966,01-04,Male,128.8
1966,01-04,Female,123.5
1966,05-09,Male,152.4
1966,05-09,Female,146.5
1966,10-14,Male,145.6
1966,10-14,Female,139.8
1966,15-19,Male,133.3
1966,15-19,Female,126.0
1966,20-24,Male,94.7
1966,20-24,Female,90.6
1966,25-29,Male,75.0
1966,25-29,Female,74.3
1966,30-34,Male,73.8
1966,30-34,Female,72.8
1966,35-39,Male,76.5
1966,35-39,Female,77.8
1966,40-44,Male,81.0
1966,40-44,Female,82.4
1966,45-49,Male,83.6
1966,45-49,Female,82.9
1966,50-54,Male,84.3
1966,50-54,Female,80.6
1966,55-59,Male,75.8
1966,55-59,Female,71.2
1966,60-64,Male,61.6
1966,60-64,Female,62.2
1966,65-69,Male,55.0
1966,65-69,Female,59.2
1966,70-74,Male,42.2
1966,70-74,Female,47.9
1966,75-79,Male,28.7
1966,75-79,Female,34.1
1966,80-84,Male,15.8
1966,80-84,Female,19.8
1966,85+,Male,8.1
1966,85+,Female,12.2
1967,00,Male,31.0
1967,00,Female,29.2
1967,01-04,Male,130.3
1967,01-04,Female,125.1
1967,05-09,Male,154.1
1967,05-09,Female,148.0
1967,10-14,Male,146.7
1967,10-14,Female,140.9
1967,15-19,Male,133.9
1967,15-19,Female,126.8
1967,20-24,Male,97.6
1967,20-24,Female,93.4
1967,25-29,Male,77.4
1967,25-29,Female,76.5
1967,30-34,Male,74.4
1967,30-34,Female,73.0
1967,35-39,Male,76.3
1967,35-39,Female,76.9
1967,40-44,Male,80.0
1967,40-44,Female,81.2
1967,45-49,Male,82.8
1967,45-49,Female,82.4
1967,50-54,Male,83.4
1967,50-54,Female,80.2
1967,55-59,Male,76.3
1967,55-59,Female,72.1
1967,60-64,Male,62.9
1967,60-64,Female,62.8
1967,65-69,Male,54.9
1967,65-69,Female,58.8
1967,70-74,Male,42.6
1967,70-74,Female,49.1
1967,75-79,Male,28.5
1967,75-79,Female,34.0
1967,80-84,Male,15.8
1967,80-84,Female,20.0
1967,85+,Male,8.1
1967,85+,Female,12.3
1968,00,Male,30.9
1968,00,Female,29.2
1968,01-04,Male,130.1
1968,01-04,Female,124.6
1968,05-09,Male,155.6
1968,05-09,Female,149.4
1968,10-14,Male,147.7
1968,10-14,Female,141.9
1968,15-19,Male,134.3
1968,15-19,Female,127.5
1968,20-24,Male,100.5
1968,20-24,Female,96.0
1968,25-29,Male,79.8
1968,25-29,Female,78.3
1968,30-34,Male,74.9
1968,30-34,Female,73.2
1968,35-39,Male,75.9
1968,35-39,Female,76.0
1968,40-44,Male,79.1
1968,40-44,Female,79.7
1968,45-49,Male,81.8
1968,45-49,Female,81.7
1968,50-54,Male,82.4
1968,50-54,Female,79.8
1968,55-59,Male,76.6
1968,55-59,Female,73.0
1968,60-64,Male,64.0
1968,60-64,Female,63.4
1968,65-69,Male,54.7
1968,65-69,Female,58.3
1968,70-74,Male,43.1
1968,70-74,Female,50.3
1968,75-79,Male,28.3
1968,75-79,Female,33.9
1968,80-84,Male,15.7
1968,80-84,Female,20.1
1968,85+,Male,8.1
1968,85+,Female,12.4
1969,00,Male,31.6
1969,00,Female,30.4
1969,01-04,Male,129.0
1969,01-04,Female,122.9
1969,05-09,Male,157.1
1969,05-09,Female,150.7
1969,10-14,Male,148.6
1969,10-14,Female,143.0
1969,15-19,Male,134.7
1969,15-19,Female,128.2
1969,20-24,Male,103.2
1969,20-24,Female,98.8
1969,25-29,Male,82.2
1969,25-29,Female,80.3
1969,30-34,Male,75.2
1969,30-34,Female,73.5
1969,35-39,Male,75.7
1969,35-39,Female,74.9
1969,40-44,Male,77.9
1969,40-44,Female,78.4
1969,45-49,Male,80.9
1969,45-49,Female,81.1
1969,50-54,Male,81.4
1969,50-54,Female,79.3
1969,55-59,Male,77.1
1969,55-59,Female,73.8
1969,60-64,Male,65.2
1969,60-64,Female,64.1
1969,65-69,Male,54.6
1969,65-69,Female,57.7
1969,70-74,Male,43.5
1969,70-74,Female,51.5
1969,75-79,Male,28.2
1969,75-79,Female,33.8
1969,80-84,Male,15.8
1969,80-84,Female,20.2
1969,85+,Male,8.1
1969,85+,Female,12.6
1970,00,Male,30.9
1970,00,Female,32.6
1970,01-04,Male,130.2
1970,01-04,Female,120.7
1970,05-09,Male,159.3
1970,05-09,Female,152.7
1970,10-14,Male,150.2
1970,10-14,Female,144.6
1970,15-19,Male,135.5
1970,15-19,Female,129.4
1970,20-24,Male,106.6
1970,20-24,Female,101.9
1970,25-29,Male,84.8
1970,25-29,Female,82.7
1970,30-34,Male,76.0
1970,30-34,Female,73.9
1970,35-39,Male,75.5
1970,35-39,Female,74.3
1970,40-44,Male,77.2
1970,40-44,Female,77.3
1970,45-49,Male,80.1
1970,45-49,Female,80.8
1970,50-54,Male,80.7
1970,50-54,Female,79.1
1970,55-59,Male,77.7
1970,55-59,Female,75.1
1970,60-64,Male,66.6
1970,60-64,Female,65.0
1970,65-69,Male,54.6
1970,65-69,Female,57.6
1970,70-74,Male,44.0
1970,70-74,Female,53.0
1970,75-79,Male,28.1
1970,75-79,Female,34.0
1970,80-84,Male,15.7
1970,80-84,Female,20.6
1970,85+,Male,8.2
1970,85+,Female,12.7
1971,00,Male,33.3
1971,00,Female,31.6
1971,01-04,Male,128.6
1971,01-04,Female,122.2
1971,05-09,Male,161.8
1971,05-09,Female,155.1
1971,10-14,Male,152.1
1971,10-14,Female,146.4
1971,15-19,Male,136.8
1971,15-19,Female,131.0
1971,20-24,Male,110.0
1971,20-24,Female,105.3
1971,25-29,Male,87.7
1971,25-29,Female,85.3
1971,30-34,Male,76.8
1971,30-34,Female,74.5
1971,35-39,Male,75.5
1971,35-39,Female,73.6
1971,40-44,Male,76.4
1971,40-44,Female,76.3
1971,45-49,Male,79.5
1971,45-49,Female,80.6
1971,50-54,Male,80.0
1971,50-54,Female,79.0
1971,55-59,Male,78.4
1971,55-59,Female,76.4
1971,60-64,Male,68.1
1971,60-64,Female,65.9
1971,65-69,Male,54.5
1971,65-69,Female,57.3
1971,70-74,Male,44.6
1971,70-74,Female,54.4
1971,75-79,Male,27.8
1971,75-79,Female,34.0
1971,80-84,Male,15.7
1971,80-84,Female,20.7
1971,85+,Male,8.1
1971,85+,Female,12.8
1972,00,Male,34.5
1972,00,Female,32.9
1972,01-04,Male,129.1
1972,01-04,Female,122.6
1972,05-09,Male,163.9
1972,05-09,Female,157.0
1972,10-14,Male,154.5
1972,10-14,Female,148.5
1972,15-19,Male,139.7
1972,15-19,Female,133.8
1972,20-24,Male,113.0
1972,20-24,Female,108.2
1972,25-29,Male,91.6
1972,25-29,Female,89.0
1972,30-34,Male,80.9
1972,30-34,Female,78.3
1972,35-39,Male,77.4
1972,35-39,Female,75.1
1972,40-44,Male,77.1
1972,40-44,Female,76.5
1972,45-49,Male,79.4
1972,45-49,Female,80.0
1972,50-54,Male,79.6
1972,50-54,Female,78.8
1972,55-59,Male,78.2
1972,55-59,Female,76.7
1972,60-64,Male,68.1
1972,60-64,Female,66.4
1972,65-69,Male,55.7
1972,65-69,Female,58.6
1972,70-74,Male,44.7
1972,70-74,Female,54.2
1972,75-79,Male,27.9
1972,75-79,Female,34.7
1972,80-84,Male,15.6
1972,80-84,Female,21.0
1972,85+,Male,8.1
1972,85+,Female,13.0
1973,00,Male,35.3
1973,00,Female,33.2
1973,01-04,Male,130.2
1973,01-04,Female,124.2
1973,05-09,Male,166.1
1973,05-09,Female,158.9
1973,10-14,Male,157.0
1973,10-14,Female,150.7
1973,15-19,Male,142.8
1973,15-19,Female,136.7
1973,20-24,Male,116.1
1973,20-24,Female,111.3
1973,25-29,Male,95.7
1973,25-29,Female,92.9
1973,30-34,Male,85.1
1973,30-34,Female,82.2
1973,35-39,Male,79.3
1973,35-39,Female,76.7
1973,40-44,Male,77.8
1973,40-44,Female,76.8
1973,45-49,Male,79.3
1973,45-49,Female,79.4
1973,50-54,Male,79.1
1973,50-54,Female,78.5
1973,55-59,Male,78.0
1973,55-59,Female,76.9
1973,60-64,Male,68.2
1973,60-64,Female,67.0
1973,65-69,Male,57.0
1973,65-69,Female,60.0
1973,70-74,Male,44.9
1973,70-74,Female,54.1
1973,75-79,Male,28.1
1973,75-79,Female,35.4
1973,80-84,Male,15.5
1973,80-84,Female,21.3
1973,85+,Male,8.1
1973,85+,Female,13.2
1974,00,Male,34.3
1974,00,Female,32.8
1974,01-04,Male,133.1
1974,01-04,Female,126.5
1974,05-09,Male,168.4
1974,05-09,Female,161.0
1974,10-14,Male,159.7
1974,10-14,Female,153.0
1974,15-19,Male,146.0
1974,15-19,Female,139.8
1974,20-24,Male,119.4
1974,20-24,Female,114.5
1974,25-29,Male,99.9
1974,25-29,Female,97.0
1974,30-34,Male,89.5
1974,30-34,Female,86.2
1974,35-39,Male,81.4
1974,35-39,Female,78.4
1974,40-44,Male,78.5
1974,40-44,Female,77.0
1974,45-49,Male,79.2
1974,45-49,Female,78.7
1974,50-54,Male,78.7
1974,50-54,Female,78.3
1974,55-59,Male,77.8
1974,55-59,Female,77.2
1974,60-64,Male,68.2
1974,60-64,Female,67.5
1974,65-69,Male,58.3
1974,65-69,Female,61.4
1974,70-74,Male,45.1
1974,70-74,Female,53.9
1974,75-79,Male,28.3
1974,75-79,Female,36.1
1974,80-84,Male,15.4
1974,80-84,Female,21.6
1974,85+,Male,8.1
1974,85+,Female,13.3
1975,00,Male,34.9
1975,00,Female,33.1
1975,01-04,Male,134.6
1975,01-04,Female,128.2
1975,05-09,Male,170.9
1975,05-09,Female,163.1
1975,10-14,Male,162.5
1975,10-14,Female,155.4
1975,15-19,Male,149.4
1975,15-19,Female,143.0
1975,20-24,Male,122.8
1975,20-24,Female,117.8
1975,25-29,Male,104.3
1975,25-29,Female,101.2
1975,30-34,Male,94.1
1975,30-34,Female,90.4
1975,35-39,Male,83.6
1975,35-39,Female,80.1
1975,40-44,Male,79.4
1975,40-44,Female,77.3
1975,45-49,Male,79.1
1975,45-49,Female,78.1
1975,50-54,Male,78.3
1975,50-54,Female,78.1
1975,55-59,Male,77.7
1975,55-59,Female,77.5
1975,60-64,Male,68.3
1975,60-64,Female,68.1
1975,65-69,Male,59.7
1975,65-69,Female,62.9
1975,70-74,Male,45.3
1975,70-74,Female,53.8
1975,75-79,Male,28.6
1975,75-79,Female,36.8
1975,80-84,Male,15.4
1975,80-84,Female,21.9
1975,85+,Male,8.1
1975,85+,Female,13.5
1976,00,Male,34.6
1976,00,Female,32.8
1976,01-04,Male,136.8
1976,01-04,Female,130.3
1976,05-09,Male,173.1
1976,05-09,Female,165.0
1976,10-14,Male,165.2
1976,10-14,Female,157.6
1976,15-19,Male,152.7
1976,15-19,Female,146.0
1976,20-24,Male,126.1
1976,20-24,Female,121.0
1976,25-29,Male,108.7
1976,25-29,Female,105.3
1976,30-34,Male,98.7
1976,30-34,Female,94.6
1976,35-39,Male,85.7
1976,35-39,Female,81.8
1976,40-44,Male,80.1
1976,40-44,Female,77.5
1976,45-49,Male,78.9
1976,45-49,Female,77.4
1976,50-54,Male,77.8
1976,50-54,Female,77.8
1976,55-59,Male,77.4
1976,55-59,Female,77.7
1976,60-64,Male,68.3
1976,60-64,Female,68.6
1976,65-69,Male,61.1
1976,65-69,Female,64.4
1976,70-74,Male,45.5
1976,70-74,Female,53.6
1976,75-79,Male,28.7
1976,75-79,Female,37.6
1976,80-84,Male,15.3
1976,80-84,Female,22.2
1976,85+,Male,8.1
1976,85+,Female,13.7
1977,00,Male,34.5
1977,00,Female,32.6
1977,01-04,Male,138.3
1977,01-04,Female,132.0
1977,05-09,Male,174.9
1977,05-09,Female,166.7
1977,10-14,Male,167.4
1977,10-14,Female,159.6
1977,15-19,Male,155.7
1977,15-19,Female,148.9
1977,20-24,Male,129.2
1977,20-24,Female,124.0
1977,25-29,Male,112.9
1977,25-29,Female,109.4
1977,30-34,Male,103.2
1977,30-34,Female,98.7
1977,35-39,Male,87.6
1977,35-39,Female,83.4
1977,40-44,Male,80.6
1977,40-44,Female,77.5
1977,45-49,Male,78.5
1977,45-49,Female,76.4
1977,50-54,Male,77.1
1977,50-54,Female,77.2
1977,55-59,Male,77.0
1977,55-59,Female,77.8
1977,60-64,Male,68.1
1977,60-64,Female,69.0
1977,65-69,Male,62.3
1977,65-69,Female,65.8
1977,70-74,Male,45.5
1977,70-74,Female,53.3
1977,75-79,Male,28.9
1977,75-79,Female,38.2
1977,80-84,Male,15.2
1977,80-84,Female,22.5
1977,85+,Male,8.1
1977,85+,Female,13.9
1978,00,Male,35.3
1978,00,Female,33.4
1978,01-04,Male,138.8
1978,01-04,Female,132.6
1978,05-09,Male,176.6
1978,05-09,Female,168.3
1978,10-14,Male,169.6
1978,10-14,Female,161.5
1978,15-19,Male,158.5
1978,15-19,Female,151.7
1978,20-24,Male,132.2
1978,20-24,Female,127.1
1978,25-29,Male,117.1
1978,25-29,Female,113.5
1978,30-34,Male,107.6
1978,30-34,Female,102.8
1978,35-39,Male,89.5
1978,35-39,Female,84.9
1978,40-44,Male,81.0
1978,40-44,Female,77.5
1978,45-49,Male,78.1
1978,45-49,Female,75.4
1978,50-54,Male,76.2
1978,50-54,Female,76.6
1978,55-59,Male,76.4
1978,55-59,Female,77.8
1978,60-64,Male,67.8
1978,60-64,Female,69.3
1978,65-69,Male,63.5
1978,65-69,Female,67.1
1978,70-74,Male,45.6
1978,70-74,Female,53.0
1978,75-79,Male,29.0
1978,75-79,Female,39.0
1978,80-84,Male,15.0
1978,80-84,Female,22.8
1978,85+,Male,8.1
1978,85+,Female,14.0
1979,00,Male,36.2
1979,00,Female,35.2
1979,01-04,Male,139.5
1979,01-04,Female,132.7
1979,05-09,Male,179.1
1979,05-09,Female,171.1
1979,10-14,Male,172.3
1979,10-14,Female,164.0
1979,15-19,Male,162.3
1979,15-19,Female,155.1
1979,20-24,Male,135.8
1979,20-24,Female,130.5
1979,25-29,Male,121.6
1979,25-29,Female,117.8
1979,30-34,Male,112.7
1979,30-34,Female,107.4
1979,35-39,Male,91.8
1979,35-39,Female,86.7
1979,40-44,Male,81.8
1979,40-44,Female,77.6
1979,45-49,Male,77.8
1979,45-49,Female,74.7
1979,50-54,Male,75.6
1979,50-54,Female,76.1
1979,55-59,Male,76.1
1979,55-59,Female,77.9
1979,60-64,Male,67.8
1979,60-64,Female,69.9
1979,65-69,Male,65.0
1979,65-69,Female,68.8
1979,70-74,Male,45.8
1979,70-74,Female,52.5
1979,75-79,Male,29.1
1979,75-79,Female,39.7
1979,80-84,Male,14.9
1979,80-84,Female,23.1
1979,85+,Male,8.1
1979,85+,Female,14.3
1980,00,Male,37.4
1980,00,Female,35.1
1980,01-04,Male,140.7
1980,01-04,Female,134.6
1980,05-09,Male,178.9
1980,05-09,Female,170.5
1980,10-14,Male,173.6
1980,10-14,Female,164.7
1980,15-19,Male,164.3
1980,15-19,Female,157.2
1980,20-24,Male,137.9
1980,20-24,Female,132.9
1980,25-29,Male,122.8
1980,25-29,Female,119.6
1980,30-34,Male,115.3
1980,30-34,Female,110.3
1980,35-39,Male,95.4
1980,35-39,Female,90.5
1980,40-44,Male,83.4
1980,40-44,Female,79.0
1980,45-49,Male,77.7
1980,45-49,Female,74.3
1980,50-54,Male,75.4
1980,50-54,Female,75.1
1980,55-59,Male,74.6
1980,55-59,Female,77.0
1980,60-64,Male,67.8
1980,60-64,Female,70.5
1980,65-69,Male,64.6
1980,65-69,Female,69.1
1980,70-74,Male,47.0
1980,70-74,Female,53.5
1980,75-79,Male,29.1
1980,75-79,Female,39.4
1980,80-84,Male,15.1
1980,80-84,Female,24.0
1980,85+,Male,8.0
1980,85+,Female,14.7
1981,00,Male,37.7
1981,00,Female,35.7
1981,01-04,Male,143.3
1981,01-04,Female,136.3
1981,05-09,Male,179.1
1981,05-09,Female,170.4
1981,10-14,Male,175.3
1981,10-14,Female,166.0
1981,15-19,Male,166.7
1981,15-19,Female,159.8
1981,20-24,Male,140.4
1981,20-24,Female,135.7
1981,25-29,Male,124.4
1981,25-29,Female,121.7
1981,30-34,Male,118.3
1981,30-34,Female,113.7
1981,35-39,Male,99.3
1981,35-39,Female,94.5
1981,40-44,Male,85.3
1981,40-44,Female,80.6
1981,45-49,Male,77.8
1981,45-49,Female,74.1
1981,50-54,Male,75.3
1981,50-54,Female,74.4
1981,55-59,Male,73.3
1981,55-59,Female,76.3
1981,60-64,Male,68.0
1981,60-64,Female,71.3
1981,65-69,Male,64.3
1981,65-69,Female,69.6
1981,70-74,Male,48.4
1981,70-74,Female,54.8
1981,75-79,Male,29.2
1981,75-79,Female,39.3
1981,80-84,Male,15.4
1981,80-84,Female,25.0
1981,85+,Male,7.9
1981,85+,Female,15.1
1982,00,Male,36.4
1982,00,Female,34.6
1982,01-04,Male,142.7
1982,01-04,Female,135.5
1982,05-09,Male,180.2
1982,05-09,Female,171.3
1982,10-14,Male,177.0
1982,10-14,Female,167.7
1982,15-19,Male,168.2
1982,15-19,Female,160.9
1982,20-24,Male,141.9
1982,20-24,Female,137.8
1982,25-29,Male,126.0
1982,25-29,Female,123.8
1982,30-34,Male,119.7
1982,30-34,Female,115.6
1982,35-39,Male,103.2
1982,35-39,Female,98.7
1982,40-44,Male,88.2
1982,40-44,Female,83.6
1982,45-49,Male,79.1
1982,45-49,Female,75.4
1982,50-54,Male,75.6
1982,50-54,Female,74.3
1982,55-59,Male,73.0
1982,55-59,Female,75.8
1982,60-64,Male,68.1
1982,60-64,Female,71.9
1982,65-69,Male,64.0
1982,65-69,Female,69.7
1982,70-74,Male,49.1
1982,70-74,Female,56.1
1982,75-79,Male,30.0
1982,75-79,Female,40.2
1982,80-84,Male,15.6
1982,80-84,Female,25.5
1982,85+,Male,8.0
1982,85+,Female,15.6
1983,00,Male,35.9
1983,00,Female,34.1
1983,01-04,Male,140.5
1983,01-04,Female,133.3
1983,05-09,Male,180.6
1983,05-09,Female,171.7
1983,10-14,Male,178.0
1983,10-14,Female,168.9
1983,15-19,Male,169.0
1983,15-19,Female,161.4
1983,20-24,Male,142.9
1983,20-24,Female,139.2
1983,25-29,Male,127.0
1983,25-29,Female,125.6
1983,30-34,Male,120.6
1983,30-34,Female,117.1
1983,35-39,Male,106.7
1983,35-39,Female,102.6
1983,40-44,Male,90.9
1983,40-44,Female,86.3
1983,45-49,Male,80.3
1983,45-49,Female,76.5
1983,50-54,Male,75.7
1983,50-54,Female,74.0
1983,55-59,Male,72.6
1983,55-59,Female,75.0
1983,60-64,Male,68.0
1983,60-64,Female,72.3
1983,65-69,Male,63.4
1983,65-69,Female,69.6
1983,70-74,Male,49.7
1983,70-74,Female,57.2
1983,75-79,Male,30.7
1983,75-79,Female,41.0
1983,80-84,Male,15.8
1983,80-84,Female,25.8
1983,85+,Male,8.0
1983,85+,Female,16.1
1984,00,Male,34.1
1984,00,Female,32.0
1984,01-04,Male,139.6
1984,01-04,Female,132.8
1984,05-09,Male,181.0
1984,05-09,Female,172.0
1984,10-14,Male,179.1
1984,10-14,Female,170.0
1984,15-19,Male,170.0
1984,15-19,Female,162.0
1984,20-24,Male,143.8
1984,20-24,Female,140.8
1984,25-29,Male,128.2
1984,25-29,Female,127.3
1984,30-34,Male,121.6
1984,30-34,Female,118.7
1984,35-39,Male,110.3
1984,35-39,Female,106.5
1984,40-44,Male,93.6
1984,40-44,Female,89.2
1984,45-49,Male,81.4
1984,45-49,Female,77.6
1984,50-54,Male,75.8
1984,50-54,Female,73.8
1984,55-59,Male,72.2
1984,55-59,Female,74.2
1984,60-64,Male,68.0
1984,60-64,Female,72.7
1984,65-69,Male,62.8
1984,65-69,Female,69.4
1984,70-74,Male,50.2
1984,70-74,Female,58.4
1984,75-79,Male,31.4
1984,75-79,Female,41.7
1984,80-84,Male,15.9
1984,80-84,Female,26.3
1984,85+,Male,8.0
1984,85+,Female,16.6
1985,00,Male,32.9
1985,00,Female,30.8
1985,01-04,Male,137.4
1985,01-04,Female,130.7
1985,05-09,Male,180.7
1985,05-09,Female,171.7
1985,10-14,Male,179.5
1985,10-14,Female,170.6
1985,15-19,Male,170.2
1985,15-19,Female,161.8
1985,20-24,Male,144.2
1985,20-24,Female,141.8
1985,25-29,Male,128.9
1985,25-29,Female,128.5
1985,30-34,Male,122.1
1985,30-34,Female,119.8
1985,35-39,Male,113.6
1985,35-39,Female,110.0
1985,40-44,Male,95.9
1985,40-44,Female,91.6
1985,45-49,Male,82.2
1985,45-49,Female,78.4
1985,50-54,Male,75.6
1985,50-54,Female,73.2
1985,55-59,Male,71.5
1985,55-59,Female,73.0
1985,60-64,Male,67.7
1985,60-64,Female,72.9
1985,65-69,Male,62.0
1985,65-69,Female,69.0
1985,70-74,Male,50.6
1985,70-74,Female,59.3
1985,75-79,Male,32.0
1985,75-79,Female,42.3
1985,80-84,Male,16.0
1985,80-84,Female,26.6
1985,85+,Male,8.0
1985,85+,Female,17.0
1986,00,Male,31.3
1986,00,Female,29.9
1986,01-04,Male,135.1
1986,01-04,Female,127.8
1986,05-09,Male,179.8
1986,05-09,Female,170.8
1986,10-14,Male,179.4
1986,10-14,Female,170.6
1986,15-19,Male,169.9
1986,15-19,Female,161.2
1986,20-24,Male,144.1
1986,20-24,Female,142.3
1986,25-29,Male,129.1
1986,25-29,Female,129.4
1986,30-34,Male,122.2
1986,30-34,Female,120.5
1986,35-39,Male,116.4
1986,35-39,Female,113.3
1986,40-44,Male,98.0
1986,40-44,Female,93.8
1986,45-49,Male,82.8
1986,45-49,Female,79.0
1986,50-54,Male,75.2
1986,50-54,Female,72.4
1986,55-59,Male,70.5
1986,55-59,Female,71.7
1986,60-64,Male,67.2
1986,60-64,Female,72.8
1986,65-69,Male,61.1
1986,65-69,Female,68.4
1986,70-74,Male,50.9
1986,70-74,Female,60.1
1986,75-79,Male,32.6
1986,75-79,Female,42.9
1986,80-84,Male,16.1
1986,80-84,Female,26.8
1986,85+,Male,8.0
1986,85+,Female,17.4
1987,00,Male,31.2
1987,00,Female,29.0
1987,01-04,Male,130.8
1987,01-04,Female,124.3
1987,05-09,Male,180.4
1987,05-09,Female,171.6
1987,10-14,Male,178.1
1987,10-14,Female,169.0
1987,15-19,Male,168.1
1987,15-19,Female,161.2
1987,20-24,Male,144.9
1987,20-24,Female,141.6
1987,25-29,Male,127.3
1987,25-29,Female,128.8
1987,30-34,Male,123.0
1987,30-34,Female,122.4
1987,35-39,Male,117.1
1987,35-39,Female,114.5
1987,40-44,Male,103.3
1987,40-44,Female,99.5
1987,45-49,Male,83.1
1987,45-49,Female,78.8
1987,50-54,Male,76.7
1987,50-54,Female,74.1
1987,55-59,Male,69.8
1987,55-59,Female,70.3
1987,60-64,Male,66.6
1987,60-64,Female,72.6
1987,65-69,Male,60.8
1987,65-69,Female,68.3
1987,70-74,Male,50.4
1987,70-74,Female,60.7
1987,75-79,Male,33.9
1987,75-79,Female,44.1
1987,80-84,Male,16.4
1987,80-84,Female,27.3
1987,85+,Male,8.2
1987,85+,Female,18.1
1988,00,Male,29.2
1988,00,Female,28.0
1988,01-04,Male,126.7
1988,01-04,Female,119.7
1988,05-09,Male,178.9
1988,05-09,Female,170.4
1988,10-14,Male,174.9
1988,10-14,Female,166.0
1988,15-19,Male,167.5
1988,15-19,Female,162.5
1988,20-24,Male,141.4
1988,20-24,Female,137.4
1988,25-29,Male,123.7
1988,25-29,Female,127.2
1988,30-34,Male,121.4
1988,30-34,Female,122.2
1988,35-39,Male,118.9
1988,35-39,Female,116.6
1988,40-44,Male,106.3
1988,40-44,Female,102.8
1988,45-49,Male,86.0
1988,45-49,Female,82.2
1988,50-54,Male,76.1
1988,50-54,Female,73.3
1988,55-59,Male,70.9
1988,55-59,Female,70.9
1988,60-64,Male,65.3
1988,60-64,Female,70.9
1988,65-69,Male,62.3
1988,65-69,Female,70.6
1988,70-74,Male,48.8
1988,70-74,Female,58.9
1988,75-79,Male,35.4
1988,75-79,Female,46.2
1988,80-84,Male,16.5
1988,80-84,Female,27.4
1988,85+,Male,8.5
1988,85+,Female,18.7
1989,00,Male,27.3
1989,00,Female,26.0
1989,01-04,Male,122.5
1989,01-04,Female,116.4
1989,05-09,Male,175.6
1989,05-09,Female,166.0
1989,10-14,Male,174.0
1989,10-14,Female,165.6
1989,15-19,Male,165.4
1989,15-19,Female,161.8
1989,20-24,Male,137.8
1989,20-24,Female,132.6
1989,25-29,Male,120.5
1989,25-29,Female,126.0
1989,30-34,Male,119.3
1989,30-34,Female,122.8
1989,35-39,Male,119.2
1989,35-39,Female,117.0
1989,40-44,Male,109.5
1989,40-44,Female,106.8
1989,45-49,Male,87.7
1989,45-49,Female,84.4
1989,50-54,Male,76.6
1989,50-54,Female,74.4
1989,55-59,Male,70.9
1989,55-59,Female,70.4
1989,60-64,Male,65.0
1989,60-64,Female,70.4
1989,65-69,Male,62.4
1989,65-69,Female,71.0
1989,70-74,Male,48.7
1989,70-74,Female,58.8
1989,75-79,Male,35.8
1989,75-79,Female,47.5
1989,80-84,Male,17.2
1989,80-84,Female,28.2
1989,85+,Male,8.6
1989,85+,Female,19.4
1990,00,Male,26.6
1990,00,Female,25.1
1990,01-04,Male,117.7
1990,01-04,Female,112.8
1990,05-09,Male,169.0
1990,05-09,Female,159.7
1990,10-14,Male,176.4
1990,10-14,Female,167.2
1990,15-19,Male,167.3
1990,15-19,Female,161.0
1990,20-24,Male,135.8
1990,20-24,Female,130.0
1990,25-29,Male,120.4
1990,25-29,Female,125.7
1990,30-34,Male,119.7
1990,30-34,Female,123.5
1990,35-39,Male,119.7
1990,35-39,Female,118.2
1990,40-44,Male,112.0
1990,40-44,Female,109.9
1990,45-49,Male,90.6
1990,45-49,Female,87.1
1990,50-54,Male,78.2
1990,50-54,Female,76.2
1990,55-59,Male,71.1
1990,55-59,Female,70.4
1990,60-64,Male,64.9
1990,60-64,Female,69.5
1990,65-69,Male,61.9
1990,65-69,Female,70.4
1990,70-74,Male,48.9
1990,70-74,Female,59.0
1990,75-79,Male,35.9
1990,75-79,Female,48.5
1990,80-84,Male,18.0
1990,80-84,Female,29.1
1990,85+,Male,8.6
1990,85+,Female,19.7
1991,00,Male,27.4
1991,00,Female,25.7
1991,01-04,Male,113.2
1991,01-04,Female,107.5
1991,05-09,Male,163.3
1991,05-09,Female,155.2
1991,10-14,Male,178.9
1991,10-14,Female,169.4
1991,15-19,Male,171.4
1991,15-19,Female,163.6
1991,20-24,Male,136.5
1991,20-24,Female,130.1
1991,25-29,Male,120.7
1991,25-29,Female,125.7
1991,30-34,Male,123.2
1991,30-34,Female,125.9
1991,35-39,Male,118.7
1991,35-39,Female,119.2
1991,40-44,Male,113.9
1991,40-44,Female,111.8
1991,45-49,Male,95.4
1991,45-49,Female,92.3
1991,50-54,Male,79.9
1991,50-54,Female,76.9
1991,55-59,Male,71.7
1991,55-59,Female,70.9
1991,60-64,Male,65.6
1991,60-64,Female,69.0
1991,65-69,Male,61.0
1991,65-69,Female,69.8
1991,70-74,Male,49.2
1991,70-74,Female,60.1
1991,75-79,Male,35.7
1991,75-79,Female,48.4
1991,80-84,Male,19.0
1991,80-84,Female,30.3
1991,85+,Male,8.9
1991,85+,Female,20.5
1992,00,Male,26.9
1992,00,Female,25.5
1992,01-04,Male,111.3
1992,01-04,Female,105.8
1992,05-09,Male,159.6
1992,05-09,Female,151.1
1992,10-14,Male,180.3
1992,10-14,Female,170.4
1992,15-19,Male,170.7
1992,15-19,Female,162.5
1992,20-24,Male,142.3
1992,20-24,Female,134.7
1992,25-29,Male,121.1
1992,25-29,Female,126.0
1992,30-34,Male,125.6
1992,30-34,Female,127.9
1992,35-39,Male,120.0
1992,35-39,Female,121.6
1992,40-44,Male,114.9
1992,40-44,Female,113.6
1992,45-49,Male,101.3
1992,45-49,Female,97.7
1992,50-54,Male,81.0
1992,50-54,Female,77.6
1992,55-59,Male,72.8
1992,55-59,Female,72.1
1992,60-64,Male,66.2
1992,60-64,Female,68.4
1992,65-69,Male,60.6
1992,65-69,Female,69.7
1992,70-74,Male,49.6
1992,70-74,Female,60.7
1992,75-79,Male,35.3
1992,75-79,Female,48.3
1992,80-84,Male,20.1
1992,80-84,Female,31.5
1992,85+,Male,9.0
1992,85+,Female,21.1
1993,00,Male,25.9
1993,00,Female,24.3
1993,01-04,Male,110.0
1993,01-04,Female,104.3
1993,05-09,Male,155.2
1993,05-09,Female,147.3
1993,10-14,Male,179.8
1993,10-14,Female,170.1
1993,15-19,Male,169.4
1993,15-19,Female,161.0
1993,20-24,Male,146.8
1993,20-24,Female,138.6
1993,25-29,Male,121.5
1993,25-29,Female,125.0
1993,30-34,Male,126.1
1993,30-34,Female,130.0
1993,35-39,Male,121.0
1993,35-39,Female,123.1
1993,40-44,Male,116.8
1993,40-44,Female,115.5
1993,45-49,Male,105.8
1993,45-49,Female,101.9
1993,50-54,Male,84.1
1993,50-54,Female,81.0
1993,55-59,Male,73.2
1993,55-59,Female,72.1
1993,60-64,Male,67.3
1993,60-64,Female,69.0
1993,65-69,Male,59.9
1993,65-69,Female,68.3
1993,70-74,Male,50.8
1993,70-74,Female,62.6
1993,75-79,Male,34.3
1993,75-79,Female,47.4
1993,80-84,Male,20.9
1993,80-84,Female,32.7
1993,85+,Male,9.2
1993,85+,Female,21.8
1994,00,Male,25.2
1994,00,Female,23.6
1994,01-04,Male,108.9
1994,01-04,Female,102.6
1994,05-09,Male,150.5
1994,05-09,Female,143.0
1994,10-14,Male,177.8
1994,10-14,Female,167.2
1994,15-19,Male,169.2
1994,15-19,Female,161.8
1994,20-24,Male,148.9
1994,20-24,Female,141.2
1994,25-29,Male,123.1
1994,25-29,Female,124.2
1994,30-34,Male,125.9
1994,30-34,Female,131.9
1994,35-39,Male,122.6
1994,35-39,Female,124.8
1994,40-44,Male,117.5
1994,40-44,Female,116.5
1994,45-49,Male,109.5
1994,45-49,Female,106.3
1994,50-54,Male,86.9
1994,50-54,Female,83.7
1994,55-59,Male,74.4
1994,55-59,Female,73.6
1994,60-64,Male,67.9
1994,60-64,Female,68.9
1994,65-69,Male,59.5
1994,65-69,Female,67.4
1994,70-74,Male,51.0
1994,70-74,Female,62.9
1994,75-79,Male,34.3
1994,75-79,Female,47.5
1994,80-84,Male,21.1
1994,80-84,Female,33.5
1994,85+,Male,9.3
1994,85+,Female,22.2
1995,00,Male,24.9
1995,00,Female,23.3
1995,01-04,Male,106.7
1995,01-04,Female,100.6
1995,05-09,Male,147.3
1995,05-09,Female,139.9
1995,10-14,Male,172.4
1995,10-14,Female,162.7
1995,15-19,Male,171.4
1995,15-19,Female,163.8
1995,20-24,Male,148.0
1995,20-24,Female,142.5
1995,25-29,Male,126.0
1995,25-29,Female,126.5
1995,30-34,Male,127.1
1995,30-34,Female,132.7
1995,35-39,Male,123.2
1995,35-39,Female,126.4
1995,40-44,Male,119.1
1995,40-44,Female,118.6
1995,45-49,Male,112.3
1995,45-49,Female,110.0
1995,50-54,Male,89.8
1995,50-54,Female,86.6
1995,55-59,Male,76.2
1995,55-59,Female,75.5
1995,60-64,Male,67.9
1995,60-64,Female,68.6
1995,65-69,Male,59.7
1995,65-69,Female,66.9
1995,70-74,Male,50.4
1995,70-74,Female,62.9
1995,75-79,Male,34.7
1995,75-79,Female,47.8
1995,80-84,Male,21.3
1995,80-84,Female,34.6
1995,85+,Male,10.0
1995,85+,Female,23.1
1996,00,Male,25.2
1996,00,Female,23.6
1996,01-04,Male,103.5
1996,01-04,Female,98.0
1996,05-09,Male,145.3
1996,05-09,Female,137.6
1996,10-14,Male,167.4
1996,10-14,Female,158.7
1996,15-19,Male,174.0
1996,15-19,Female,165.6
1996,20-24,Male,149.1
1996,20-24,Female,144.2
1996,25-29,Male,129.4
1996,25-29,Female,129.7
1996,30-34,Male,127.7
1996,30-34,Female,133.2
1996,35-39,Male,126.1
1996,35-39,Female,129.5
1996,40-44,Male,120.1
1996,40-44,Female,120.4
1996,45-49,Male,113.8
1996,45-49,Female,111.6
1996,50-54,Male,94.8
1996,50-54,Female,91.8
1996,55-59,Male,77.8
1996,55-59,Female,76.0
1996,60-64,Male,68.7
1996,60-64,Female,69.3
1996,65-69,Male,60.3
1996,65-69,Female,66.6
1996,70-74,Male,50.1
1996,70-74,Female,62.4
1996,75-79,Male,35.2
1996,75-79,Female,48.9
1996,80-84,Male,21.1
1996,80-84,Female,34.7
1996,85+,Male,10.6
1996,85+,Female,24.1
1997,00,Male,26.1
1997,00,Female,24.4
1997,01-04,Male,102.6
1997,01-04,Female,96.9
1997,05-09,Male,142.2
1997,05-09,Female,135.7
1997,10-14,Male,163.5
1997,10-14,Female,154.5
1997,15-19,Male,176.2
1997,15-19,Female,167.6
1997,20-24,Male,151.3
1997,20-24,Female,145.9
1997,25-29,Male,132.0
1997,25-29,Female,132.5
1997,30-34,Male,129.9
1997,30-34,Female,135.2
1997,35-39,Male,128.7
1997,35-39,Female,132.0
1997,40-44,Male,123.3
1997,40-44,Female,124.0
1997,45-49,Male,114.8
1997,45-49,Female,113.4
1997,50-54,Male,100.8
1997,50-54,Female,97.6
1997,55-59,Male,79.2
1997,55-59,Female,76.9
1997,60-64,Male,70.2
1997,60-64,Female,70.8
1997,65-69,Male,60.9
1997,65-69,Female,65.9
1997,70-74,Male,50.2
1997,70-74,Female,62.6
1997,75-79,Male,35.6
1997,75-79,Female,49.4
1997,80-84,Male,20.9
1997,80-84,Female,34.9
1997,85+,Male,11.0
1997,85+,Female,24.9
1998,00,Male,27.0
1998,00,Female,25.6
1998,01-04,Male,103.8
1998,01-04,Female,97.3
1998,05-09,Male,140.3
1998,05-09,Female,133.6
1998,10-14,Male,158.3
1998,10-14,Female,150.1
1998,15-19,Male,175.7
1998,15-19,Female,168.0
1998,20-24,Male,152.3
1998,20-24,Female,146.7
1998,25-29,Male,136.6
1998,25-29,Female,135.8
1998,30-34,Male,131.8
1998,30-34,Female,136.1
1998,35-39,Male,131.9
1998,35-39,Female,135.3
1998,40-44,Male,125.1
1998,40-44,Female,126.3
1998,45-49,Male,116.7
1998,45-49,Female,116.1
1998,50-54,Male,105.8
1998,50-54,Female,102.1
1998,55-59,Male,82.2
1998,55-59,Female,80.3
1998,60-64,Male,70.9
1998,60-64,Female,71.5
1998,65-69,Male,62.2
1998,65-69,Female,66.0
1998,70-74,Male,49.8
1998,70-74,Female,62.0
1998,75-79,Male,36.8
1998,75-79,Female,51.6
1998,80-84,Male,20.5
1998,80-84,Female,34.2
1998,85+,Male,11.4
1998,85+,Female,26.0
1999,00,Male,27.4
1999,00,Female,25.9
1999,01-04,Male,106.5
1999,01-04,Female,99.9
1999,05-09,Male,138.7
1999,05-09,Female,131.9
1999,10-14,Male,154.1
1999,10-14,Female,146.2
1999,15-19,Male,173.8
1999,15-19,Female,164.7
1999,20-24,Male,153.6
1999,20-24,Female,150.3
1999,25-29,Male,140.5
1999,25-29,Female,139.3
1999,30-34,Male,133.9
1999,30-34,Female,138.0
1999,35-39,Male,135.2
1999,35-39,Female,138.3
1999,40-44,Male,127.5
1999,40-44,Female,128.2
1999,45-49,Male,117.6
1999,45-49,Female,117.1
1999,50-54,Male,110.4
1999,50-54,Female,107.1
1999,55-59,Male,85.2
1999,55-59,Female,83.0
1999,60-64,Male,72.5
1999,60-64,Female,73.0
1999,65-69,Male,63.0
1999,65-69,Female,65.9
1999,70-74,Male,49.7
1999,70-74,Female,61.4
1999,75-79,Male,37.0
1999,75-79,Female,52.1
1999,80-84,Male,20.4
1999,80-84,Female,34.2
1999,85+,Male,11.5
1999,85+,Female,26.8
2000,00,Male,27.6
2000,00,Female,26.0
2000,01-04,Male,109.6
2000,01-04,Female,102.9
2000,05-09,Male,136.6
2000,05-09,Female,130.1
2000,10-14,Male,151.3
2000,10-14,Female,143.8
2000,15-19,Male,168.9
2000,15-19,Female,160.5
2000,20-24,Male,157.4
2000,20-24,Female,154.5
2000,25-29,Male,146.0
2000,25-29,Female,143.3
2000,30-34,Male,137.5
2000,30-34,Female,140.0
2000,35-39,Male,138.2
2000,35-39,Female,142.0
2000,40-44,Male,129.7
2000,40-44,Female,130.8
2000,45-49,Male,119.8
2000,45-49,Female,119.3
2000,50-54,Male,114.1
2000,50-54,Female,110.8
2000,55-59,Male,88.2
2000,55-59,Female,86.1
2000,60-64,Male,74.8
2000,60-64,Female,74.9
2000,65-69,Male,63.3
2000,65-69,Female,66.0
2000,70-74,Male,50.3
2000,70-74,Female,61.1
2000,75-79,Male,36.9
2000,75-79,Female,52.0
2000,80-84,Male,21.0
2000,80-84,Female,34.8
2000,85+,Male,11.8
2000,85+,Female,27.6
2001,00,Male,28.4
2001,00,Female,26.7
2001,01-04,Male,112.0
2001,01-04,Female,106.1
2001,05-09,Male,135.5
2001,05-09,Female,128.2
2001,10-14,Male,149.0
2001,10-14,Female,141.6
2001,15-19,Male,164.3
2001,15-19,Female,156.2
2001,20-24,Male,160.5
2001,20-24,Female,157.1
2001,25-29,Male,151.2
2001,25-29,Female,149.7
2001,30-34,Male,144.2
2001,30-34,Female,144.4
2001,35-39,Male,141.2
2001,35-39,Female,143.9
2001,40-44,Male,133.0
2001,40-44,Female,134.6
2001,45-49,Male,122.4
2001,45-49,Female,121.5
2001,50-54,Male,115.5
2001,50-54,Female,112.7
2001,55-59,Male,94.0
2001,55-59,Female,91.8
2001,60-64,Male,75.9
2001,60-64,Female,75.8
2001,65-69,Male,64.0
2001,65-69,Female,66.8
2001,70-74,Male,51.1
2001,70-74,Female,60.8
2001,75-79,Male,37.1
2001,75-79,Female,52.1
2001,80-84,Male,21.7
2001,80-84,Female,35.9
2001,85+,Male,12.2
2001,85+,Female,28.2
2002,00,Male,27.8
2002,00,Female,26.7
2002,01-04,Male,114.2
2002,01-04,Female,108.9
2002,05-09,Male,135.9
2002,05-09,Female,128.2
2002,10-14,Male,146.1
2002,10-14,Female,139.6
2002,15-19,Male,160.4
2002,15-19,Female,152.8
2002,20-24,Male,165.3
2002,20-24,Female,163.0
2002,25-29,Male,156.1
2002,25-29,Female,156.6
2002,30-34,Male,152.4
2002,30-34,Female,152.3
2002,35-39,Male,144.5
2002,35-39,Female,146.4
2002,40-44,Male,135.3
2002,40-44,Female,136.7
2002,45-49,Male,125.0
2002,45-49,Female,124.6
2002,50-54,Male,116.6
2002,50-54,Female,114.3
2002,55-59,Male,99.8
2002,55-59,Female,97.5
2002,60-64,Male,77.6
2002,60-64,Female,76.7
2002,65-69,Male,65.3
2002,65-69,Female,68.2
2002,70-74,Male,51.7
2002,70-74,Female,60.4
2002,75-79,Male,37.4
2002,75-79,Female,52.4
2002,80-84,Male,22.3
2002,80-84,Female,36.6
2002,85+,Male,12.5
2002,85+,Female,29.2
2003,00,Male,31.0
2003,00,Female,29.4
2003,01-04,Male,114.4
2003,01-04,Female,109.5
2003,05-09,Male,137.8
2003,05-09,Female,130.9
2003,10-14,Male,144.4
2003,10-14,Female,137.3
2003,15-19,Male,155.9
2003,15-19,Female,148.8
2003,20-24,Male,167.0
2003,20-24,Female,167.0
2003,25-29,Male,158.6
2003,25-29,Female,158.8
2003,30-34,Male,158.2
2003,30-34,Female,157.9
2003,35-39,Male,147.4
2003,35-39,Female,149.0
2003,40-44,Male,138.9
2003,40-44,Female,140.3
2003,45-49,Male,126.9
2003,45-49,Female,126.8
2003,50-54,Male,118.5
2003,50-54,Female,116.6
2003,55-59,Male,104.9
2003,55-59,Female,101.6
2003,60-64,Male,80.7
2003,60-64,Female,79.6
2003,65-69,Male,66.0
2003,65-69,Female,69.0
2003,70-74,Male,53.2
2003,70-74,Female,60.6
2003,75-79,Male,37.3
2003,75-79,Female,52.3
2003,80-84,Male,23.4
2003,80-84,Female,38.3
2003,85+,Male,12.6
2003,85+,Female,29.3
2004,00,Male,31.5
2004,00,Female,30.1
2004,01-04,Male,117.2
2004,01-04,Female,111.9
2004,05-09,Male,141.2
2004,05-09,Female,133.8
2004,10-14,Male,142.8
2004,10-14,Female,135.4
2004,15-19,Male,152.7
2004,15-19,Female,145.7
2004,20-24,Male,168.2
2004,20-24,Female,167.9
2004,25-29,Male,162.9
2004,25-29,Female,162.5
2004,30-34,Male,161.8
2004,30-34,Female,163.4
2004,35-39,Male,152.4
2004,35-39,Female,151.1
2004,40-44,Male,142.5
2004,40-44,Female,143.5
2004,45-49,Male,129.7
2004,45-49,Female,129.6
2004,50-54,Male,120.1
2004,50-54,Female,118.0
2004,55-59,Male,108.5
2004,55-59,Female,105.4
2004,60-64,Male,83.8
2004,60-64,Female,82.2
2004,65-69,Male,67.3
2004,65-69,Female,70.2
2004,70-74,Male,54.6
2004,70-74,Female,61.1
2004,75-79,Male,37.8
2004,75-79,Female,52.2
2004,80-84,Male,23.9
2004,80-84,Female,39.2
2004,85+,Male,13.2
2004,85+,Female,30.2
2005,00,Male,31.5
2005,00,Female,29.6
2005,01-04,Male,120.2
2005,01-04,Female,115.3
2005,05-09,Male,144.3
2005,05-09,Female,136.3
2005,10-14,Male,142.0
2005,10-14,Female,134.4
2005,15-19,Male,149.8
2005,15-19,Female,143.0
2005,20-24,Male,170.0
2005,20-24,Female,169.5
2005,25-29,Male,174.1
2005,25-29,Female,171.1
2005,30-34,Male,168.7
2005,30-34,Female,167.0
2005,35-39,Male,157.8
2005,35-39,Female,154.4
2005,40-44,Male,147.1
2005,40-44,Female,147.1
2005,45-49,Male,132.9
2005,45-49,Female,132.6
2005,50-54,Male,122.9
2005,50-54,Female,120.2
2005,55-59,Male,112.0
2005,55-59,Female,109.4
2005,60-64,Male,86.7
2005,60-64,Female,85.4
2005,65-69,Male,69.1
2005,65-69,Female,71.7
2005,70-74,Male,55.7
2005,70-74,Female,61.7
2005,75-79,Male,38.8
2005,75-79,Female,52.2
2005,80-84,Male,24.3
2005,80-84,Female,39.7
2005,85+,Male,14.0
2005,85+,Female,31.7
2006,00,Male,31.3
2006,00,Female,29.8
2006,01-04,Male,123.4
2006,01-04,Female,117.9
2006,05-09,Male,148.1
2006,05-09,Female,140.4
2006,10-14,Male,140.7
2006,10-14,Female,133.5
2006,15-19,Male,148.7
2006,15-19,Female,142.2
2006,20-24,Male,175.5
2006,20-24,Female,172.0
2006,25-29,Male,190.2
2006,25-29,Female,185.0
2006,30-34,Male,176.4
2006,30-34,Female,171.5
2006,35-39,Male,162.8
2006,35-39,Female,157.7
2006,40-44,Male,150.4
2006,40-44,Female,149.3
2006,45-49,Male,137.4
2006,45-49,Female,136.4
2006,50-54,Male,124.1
2006,50-54,Female,122.3
2006,55-59,Male,113.2
2006,55-59,Female,110.7
2006,60-64,Male,90.6
2006,60-64,Female,89.1
2006,65-69,Male,69.9
2006,65-69,Female,71.4
2006,70-74,Male,55.8
2006,70-74,Female,61.7
2006,75-79,Male,39.7
2006,75-79,Female,51.8
2006,80-84,Male,24.5
2006,80-84,Female,39.9
2006,85+,Male,14.8
2006,85+,Female,33.1
2007,00,Male,34.1
2007,00,Female,32.2
2007,01-04,Male,125.3
2007,01-04,Female,118.8
2007,05-09,Male,151.9
2007,05-09,Female,145.4
2007,10-14,Male,141.9
2007,10-14,Female,134.6
2007,15-19,Male,147.5
2007,15-19,Female,144.0
2007,20-24,Male,187.6
2007,20-24,Female,184.1
2007,25-29,Male,202.6
2007,25-29,Female,197.2
2007,30-34,Male,184.6
2007,30-34,Female,176.8
2007,35-39,Male,171.3
2007,35-39,Female,164.0
2007,40-44,Male,154.9
2007,40-44,Female,153.2
2007,45-49,Male,141.2
2007,45-49,Female,140.1
2007,50-54,Male,127.4
2007,50-54,Female,125.8
2007,55-59,Male,115.2
2007,55-59,Female,112.7
2007,60-64,Male,96.1
2007,60-64,Female,94.5
2007,65-69,Male,71.9
2007,65-69,Female,72.2
2007,70-74,Male,56.9
2007,70-74,Female,62.6
2007,75-79,Male,40.8
2007,75-79,Female,51.6
2007,80-84,Male,25.0
2007,80-84,Female,40.5
2007,85+,Male,15.2
2007,85+,Female,34.2
2008,00,Male,36.9
2008,00,Female,35.5
2008,01-04,Male,129.1
2008,01-04,Female,122.6
2008,05-09,Male,156.3
2008,05-09,Female,150.0
2008,10-14,Male,145.3
2008,10-14,Female,137.9
2008,15-19,Male,149.6
2008,15-19,Female,146.0
2008,20-24,Male,186.5
2008,20-24,Female,187.1
2008,25-29,Male,204.7
2008,25-29,Female,203.6
2008,30-34,Male,186.9
2008,30-34,Female,182.6
2008,35-39,Male,177.6
2008,35-39,Female,171.0
2008,40-44,Male,157.5
2008,40-44,Female,156.1
2008,45-49,Male,144.5
2008,45-49,Female,143.9
2008,50-54,Male,129.5
2008,50-54,Female,128.5
2008,55-59,Male,117.3
2008,55-59,Female,115.3
2008,60-64,Male,101.0
2008,60-64,Female,98.8
2008,65-69,Male,74.4
2008,65-69,Female,75.4
2008,70-74,Male,58.1
2008,70-74,Female,63.6
2008,75-79,Male,42.4
2008,75-79,Female,52.1
2008,80-84,Male,25.3
2008,80-84,Female,40.5
2008,85+,Male,15.9
2008,85+,Female,36.0
2009,00,Male,37.7
2009,00,Female,35.9
2009,01-04,Male,133.8
2009,01-04,Female,127.9
2009,05-09,Male,158.5
2009,05-09,Female,152.2
2009,10-14,Male,149.2
2009,10-14,Female,141.2
2009,15-19,Male,150.3
2009,15-19,Female,143.9
2009,20-24,Male,173.5
2009,20-24,Female,180.9
2009,25-29,Male,198.4
2009,25-29,Female,202.1
2009,30-34,Male,188.1
2009,30-34,Female,186.4
2009,35-39,Male,180.3
2009,35-39,Female,176.0
2009,40-44,Male,159.5
2009,40-44,Female,157.3
2009,45-49,Male,147.9
2009,45-49,Female,147.7
2009,50-54,Male,131.6
2009,50-54,Female,130.7
2009,55-59,Male,118.7
2009,55-59,Female,117.0
2009,60-64,Male,104.9
2009,60-64,Female,102.8
2009,65-69,Male,78.0
2009,65-69,Female,78.6
2009,70-74,Male,59.8
2009,70-74,Female,64.8
2009,75-79,Male,43.9
2009,75-79,Female,52.9
2009,80-84,Male,26.3
2009,80-84,Female,40.6
2009,85+,Male,16.8
2009,85+,Female,37.2
2010,00,Male,38.5
2010,00,Female,36.5
2010,01-04,Male,139.1
2010,01-04,Female,133.0
2010,05-09,Male,160.8
2010,05-09,Female,153.8
2010,10-14,Male,152.1
2010,10-14,Female,144.0
2010,15-19,Male,147.7
2010,15-19,Female,141.7
2010,20-24,Male,160.1
2010,20-24,Female,166.2
2010,25-29,Male,186.1
2010,25-29,Female,195.6
2010,30-34,Male,189.8
2010,30-34,Female,191.4
2010,35-39,Male,181.0
2010,35-39,Female,178.7
2010,40-44,Male,162.2
2010,40-44,Female,159.6
2010,45-49,Male,149.8
2010,45-49,Female,151.1
2010,50-54,Male,133.7
2010,50-54,Female,133.7
2010,55-59,Male,120.3
2010,55-59,Female,119.3
2010,60-64,Male,107.6
2010,60-64,Female,106.4
2010,65-69,Male,81.5
2010,65-69,Female,82.0
2010,70-74,Male,61.8
2010,70-74,Female,66.2
2010,75-79,Male,45.1
2010,75-79,Female,54.0
2010,80-84,Male,27.3
2010,80-84,Female,41.0
2010,85+,Male,17.7
2010,85+,Female,38.5
2011,00,Male,36.9
2011,00,Female,35.6
2011,01-04,Male,145.1
2011,01-04,Female,138.5
2011,05-09,Male,163.5
2011,05-09,Female,156.2
2011,10-14,Male,154.5
2011,10-14,Female,146.6
2011,15-19,Male,143.7
2011,15-19,Female,137.4
2011,20-24,Male,148.6
2011,20-24,Female,149.9
2011,25-29,Male,175.1
2011,25-29,Female,187.8
2011,30-34,Male,194.9
2011,30-34,Female,198.5
2011,35-39,Male,181.9
2011,35-39,Female,181.2
2011,40-44,Male,165.9
2011,40-44,Female,163.4
2011,45-49,Male,151.3
2011,45-49,Female,152.9
2011,50-54,Male,136.7
2011,50-54,Female,137.1
2011,55-59,Male,121.8
2011,55-59,Female,121.6
2011,60-64,Male,109.2
2011,60-64,Female,107.9
2011,65-69,Male,85.6
2011,65-69,Female,86.5
2011,70-74,Male,62.9
2011,70-74,Female,67.2
2011,75-79,Male,46.3
2011,75-79,Female,55.0
2011,80-84,Male,28.3
2011,80-84,Female,41.5
2011,85+,Male,18.4
2011,85+,Female,39.8
2012,00,Male,37.0
2012,00,Female,35.4
2012,01-04,Male,145.5
2012,01-04,Female,280.7
2012,05-09,Male,166.4
2012,05-09,Female,159.0
2012,10-14,Male,156.3
2012,10-14,Female,148.3
2012,15-19,Male,144.3
2012,15-19,Female,137.2
2012,20-24,Male,141.5
2012,20-24,Female,143.6
2012,25-29,Male,163.4
2012,25-29,Female,178.1
2012,30-34,Male,193.3
2012,30-34,Female,200.8
2012,35-39,Male,182.3
2012,35-39,Female,182.9
2012,40-44,Male,168.0
2012,40-44,Female,166.6
2012,45-49,Male,153.0
2012,45-49,Female,154.7
2012,50-54,Male,138.3
2012,50-54,Female,139.9
2012,55-59,Male,123.8
2012,55-59,Female,124.2
2012,60-64,Male,110.1
2012,60-64,Female,109.8
2012,65-69,Male,90.6
2012,65-69,Female,91.0
2012,70-74,Male,64.6
2012,70-74,Female,68.5
2012,75-79,Male,47.8
2012,75-79,Female,56.1
2012,80-84,Male,29.6
2012,80-84,Female,41.9
2012,85+,Male,19.0
2012,85+,Female,40.8
2013,00,Male,35.0
2013,00,Female,33.5
2013,01-04,Male,144.9
2013,01-04,Female,277.3
2013,05-09,Male,170.7
2013,05-09,Female,162.3
2013,10-14,Male,157.1
2013,10-14,Female,150.8
2013,15-19,Male,145.9
2013,15-19,Female,138.5
2013,20-24,Male,140.1
2013,20-24,Female,138.8
2013,25-29,Male,154.7
2013,25-29,Female,167.1
2013,30-34,Male,190.7
2013,30-34,Female,200.6
2013,35-39,Male,182.7
2013,35-39,Female,184.2
2013,40-44,Male,170.9
2013,40-44,Female,170.1
2013,45-49,Male,154.4
2013,45-49,Female,155.7
2013,50-54,Male,140.6
2013,50-54,Female,142.2
2013,55-59,Male,125.1
2013,55-59,Female,126.0
2013,60-64,Male,111.5
2013,60-64,Female,111.7
2013,65-69,Male,94.9
2013,65-69,Female,95.1
2013,70-74,Male,67.4
2013,70-74,Female,71.3
2013,75-79,Male,49.2
2013,75-79,Female,57.2
2013,80-84,Male,30.8
2013,80-84,Female,42.5
2013,85+,Male,19.3
2013,85+,Female,41.4
2014,00,Male,34.0
2014,00,Female,32.6
2014,01-04,Male,141.7
2014,01-04,Female,278.7
2014,05-09,Male,175.1
2014,05-09,Female,167.0
2014,10-14,Male,158.4
2014,10-14,Female,151.6
2014,15-19,Male,149.1
2014,15-19,Female,141.4
2014,20-24,Male,139.4
2014,20-24,Female,137.3
2014,25-29,Male,147.2
2014,25-29,Female,158.7
2014,30-34,Male,184.9
2014,30-34,Female,197.6
2014,35-39,Male,183.8
2014,35-39,Female,187.8
2014,40-44,Male,172.9
2014,40-44,Female,174.4
2014,45-49,Male,156.1
2014,45-49,Female,156.5
2014,50-54,Male,143.4
2014,50-54,Female,145.8
2014,55-59,Male,127.2
2014,55-59,Female,128.5
2014,60-64,Male,112.9
2014,60-64,Female,113.4
2014,65-69,Male,98.5
2014,65-69,Female,98.7
2014,70-74,Male,70.4
2014,70-74,Female,74.0
2014,75-79,Male,50.7
2014,75-79,Female,58.4
2014,80-84,Male,32.6
2014,80-84,Female,43.5
2014,85+,Male,20.3
2014,85+,Female,42.4
2015,00,Male,33.0
2015,00,Female,31.4
2015,01-04,Male,139.6
2015,01-04,Female,279.7
2015,05-09,Male,178.5
2015,05-09,Female,170.8
2015,10-14,Male,160.9
2015,10-14,Female,153.6
2015,15-19,Male,152.0
2015,15-19,Female,144.1
2015,20-24,Male,139.9
2015,20-24,Female,135.6
2015,25-29,Male,143.7
2015,25-29,Female,155.0
2015,30-34,Male,177.0
2015,30-34,Female,192.2
2015,35-39,Male,186.9
2015,35-39,Female,192.9
2015,40-44,Male,175.0
2015,40-44,Female,178.0
2015,45-49,Male,158.4
2015,45-49,Female,158.6
2015,50-54,Male,146.1
2015,50-54,Female,149.1
2015,55-59,Male,129.3
2015,55-59,Female,131.3
2015,60-64,Male,115.0
2015,60-64,Female,115.9
2015,65-69,Male,101.2
2015,65-69,Female,102.3
2015,70-74,Male,73.6
2015,70-74,Female,77.2
2015,75-79,Male,52.4
2015,75-79,Female,59.7
2015,80-84,Male,34.1
2015,80-84,Female,44.7
2015,85+,Male,21.4
2015,85+,Female,43.5
2016,00,Male,32.0
2016,00,Female,30.4
2016,01-04,Male,137.8
2016,01-04,Female,281.9
2016,05-09,Male,181.4
2016,05-09,Female,173.9
2016,10-14,Male,163.1
2016,10-14,Female,155.7
2016,15-19,Male,154.4
2016,15-19,Female,146.9
2016,20-24,Male,138.4
2016,20-24,Female,135.1
2016,25-29,Male,145.2
2016,25-29,Female,151.5
2016,30-34,Male,172.5
2016,30-34,Female,187.8
2016,35-39,Male,190.6
2016,35-39,Female,197.5
2016,40-44,Male,177.2
2016,40-44,Female,179.3
2016,45-49,Male,162.5
2016,45-49,Female,162.4
2016,50-54,Male,147.7
2016,50-54,Female,150.8
2016,55-59,Male,133.1
2016,55-59,Female,135.1
2016,60-64,Male,117.7
2016,60-64,Female,118.7
2016,65-69,Male,103.4
2016,65-69,Female,104.5
2016,70-74,Male,78.4
2016,70-74,Female,81.6
2016,75-79,Male,53.5
2016,75-79,Female,60.7
2016,80-84,Male,34.9
2016,80-84,Female,45.5
2016,85+,Male,23.0
2016,85+,Female,44.4
2017,00,Male,33.0
2017,00,Female,31.3
2017,01-04,Male,133.4
2017,01-04,Female,286.8
2017,05-09,Male,183.1
2017,05-09,Female,176.0
2017,10-14,Male,165.5
2017,10-14,Female,157.8
2017,15-19,Male,157.6
2017,15-19,Female,151.0
2017,20-24,Male,140.4
2017,20-24,Female,135.9
2017,25-29,Male,144.3
2017,25-29,Female,148.2
2017,30-34,Male,166.3
2017,30-34,Female,181.6
2017,35-39,Male,192.7
2017,35-39,Female,201.9
2017,40-44,Male,180.1
2017,40-44,Female,183.0
2017,45-49,Male,166.2
2017,45-49,Female,166.9
2017,50-54,Male,150.1
2017,50-54,Female,153.2
2017,55-59,Male,135.9
2017,55-59,Female,138.2
2017,60-64,Male,120.5
2017,60-64,Female,121.8
2017,65-69,Male,104.8
2017,65-69,Female,106.4
2017,70-74,Male,82.9
2017,70-74,Female,86.3
2017,75-79,Male,55.1
2017,75-79,Female,61.7
2017,80-84,Male,36.2
2017,80-84,Female,46.6
2017,85+,Male,24.3
2017,85+,Female,45.3
2018,00,Male,31.3
2018,00,Female,30.3
2018,01-04,Male,132.0
2018,01-04,Female,125.8
2018,05-09,Male,182.1
2018,05-09,Female,174.7
2018,10-14,Male,170.5
2018,10-14,Female,162.1
2018,15-19,Male,161.2
2018,15-19,Female,155.0
2018,20-24,Male,147.3
2018,20-24,Female,142.0
2018,25-29,Male,145.2
2018,25-29,Female,145.9
2018,30-34,Male,161.1
2018,30-34,Female,174.8
2018,35-39,Male,193.1
2018,35-39,Female,205.2
2018,40-44,Male,183.2
2018,40-44,Female,186.7
2018,45-49,Male,170.2
2018,45-49,Female,171.0
2018,50-54,Male,152.0
2018,50-54,Female,154.6
2018,55-59,Male,138.6
2018,55-59,Female,141.3
2018,60-64,Male,122.4
2018,60-64,Female,124.1
2018,65-69,Male,106.8
2018,65-69,Female,108.9
2018,70-74,Male,87.4
2018,70-74,Female,90.2
2018,75-79,Male,57.6
2018,75-79,Female,64.2
2018,80-84,Male,37.5
2018,80-84,Female,47.6
2018,85+,Male,26.2
2018,85+,Female,46.8
2019,00,Male,31.2
2019,00,Female,30.2
2019,01-04,Male,129.9
2019,01-04,Female,124.0
2019,05-09,Male,180.2
2019,05-09,Female,172.0
2019,10-14,Male,175.2
2019,10-14,Female,166.2
2019,15-19,Male,162.3
2019,15-19,Female,157.6
2019,20-24,Male,151.5
2019,20-24,Female,146.6
2019,25-29,Male,145.3
2019,25-29,Female,143.9
2019,30-34,Male,159.8
2019,30-34,Female,171.0
2019,35-39,Male,192.0
2019,35-39,Female,205.1
2019,40-44,Male,187.4
2019,40-44,Female,192.5
2019,45-49,Male,174.7
2019,45-49,Female,176.4
2019,50-54,Male,154.5
2019,50-54,Female,156.0
2019,55-59,Male,141.1
2019,55-59,Female,144.8
2019,60-64,Male,126.0
2019,60-64,Female,127.8
2019,65-69,Male,108.4
2019,65-69,Female,110.9
2019,70-74,Male,90.8
2019,70-74,Female,94.1
2019,75-79,Male,60.6
2019,75-79,Female,66.9
2019,80-84,Male,38.7
2019,80-84,Female,48.7
2019,85+,Male,28.3
2019,85+,Female,49.0
2020,00,Male,29.9
2020,00,Female,28.4
2020,01-04,Male,128.3
2020,01-04,Female,122.9
2020,05-09,Male,176.3
2020,05-09,Female,167.8
2020,10-14,Male,179.4
2020,10-14,Female,170.6
2020,15-19,Male,164.7
2020,15-19,Female,159.3
2020,20-24,Male,156.0
2020,20-24,Female,151.2
2020,25-29,Male,147.4
2020,25-29,Female,144.8
2020,30-34,Male,157.5
2020,30-34,Female,166.5
2020,35-39,Male,186.4
2020,35-39,Female,200.1
2020,40-44,Male,193.8
2020,40-44,Female,199.9
2020,45-49,Male,177.7
2020,45-49,Female,180.8
2020,50-54,Male,157.4
2020,50-54,Female,158.7
2020,55-59,Male,144.1
2020,55-59,Female,148.6
2020,60-64,Male,128.0
2020,60-64,Female,130.9
2020,65-69,Male,111.0
2020,65-69,Female,113.3
2020,70-74,Male,93.5
2020,70-74,Female,97.4
2020,75-79,Male,64.0
2020,75-79,Female,70.1
2020,80-84,Male,40.1
2020,80-84,Female,49.6
2020,85+,Male,30.2
2020,85+,Female,51.0
2021,00,Male,28.5
2021,00,Female,27.0
2021,01-04,Male,121.1
2021,01-04,Female,247.1
2021,05-09,Male,171.6
2021,05-09,Female,163.4
2021,10-14,Male,183.0
2021,10-14,Female,175.0
2021,15-19,Male,166.0
2021,15-19,Female,159.3
2021,20-24,Male,158.1
2021,20-24,Female,152.2
2021,25-29,Male,146.9
2021,25-29,Female,144.7
2021,30-34,Male,155.4
2021,30-34,Female,161.8
2021,35-39,Male,180.0
2021,35-39,Female,195.6
2021,40-44,Male,196.7
2021,40-44,Female,205.5
2021,45-49,Male,180.4
2021,45-49,Female,184.0
2021,50-54,Male,161.6
2021,50-54,Female,162.4
2021,55-59,Male,146.4
2021,55-59,Female,150.7
2021,60-64,Male,131.2
2021,60-64,Female,134.7
2021,65-69,Male,113.1
2021,65-69,Female,116.1
2021,70-74,Male,95.1
2021,70-74,Female,99.1
2021,75-79,Male,68.3
2021,75-79,Female,74.5
2021,80-84,Male,41.0
2021,80-84,Female,50.5
2021,85+,Male,31.9
2021,85+,Female,52.7
